Date,Visiting,Home,Initial Call,Challenging Team,Outcome,Period,Time,Link
06/13/26,NYK,SAS,Foul,SAS,Won,4,05:31.0,https://official.nba.com/archive/challenge-of-called-foul-knicks-spurs-4/
06/13/26,NYK,SAS,Foul,NYK,Lost,4,08:51.0,https://official.nba.com/archive/challenge-of-called-foul-knicks-spurs-5/
06/13/26,NYK,SAS,Foul,SAS,Won,2,08:19.0,https://official.nba.com/archive/challenge-of-called-foul-knicks-spurs-2/
06/10/26,SAS,NYK,Possession,NYK,Won,4,11:46.0,https://official.nba.com/archive/challenge-oob-spurs-knicks-4/
06/10/26,SAS,NYK,Foul,SAS,Won,1,10:58.0,https://official.nba.com/archive/challenge-of-called-foul-spurs-knicks-6/
06/08/26,SAS,NYK,Possession,NYK,Won,4,04:25.0,https://official.nba.com/archive/challenge-oob-spurs-knicks-3/
06/08/26,SAS,NYK,Possession,SAS,Won,4,07:12.0,https://official.nba.com/archive/challenge-oob-spurs-knicks-2/
06/08/26,SAS,NYK,Foul,NYK,Won,4,07:46.0,https://official.nba.com/archive/challenge-of-called-foul-spurs-knicks-5/
06/05/26,NYK,SAS,Possession,NYK,Won,4,02:37.0,https://official.nba.com/archive/challenge-oob-knicks-spurs-3/
06/03/26,NYK,SAS,Possession,NYK,Won,4,00:21.1,https://official.nba.com/archive/challenge-oob-knicks-spurs-2/
06/03/26,NYK,SAS,Foul,SAS,Won,2,08:04.0,https://official.nba.com/archive/challenge-of-called-foul-knicks-spurs/
05/30/26,SAS,OKC,Foul,OKC,Won,3,02:00.0,https://official.nba.com/archive/challenge-of-called-foul-spurs-thunder-8/
05/30/26,SAS,OKC,Foul,OKC,Won,1,00:40.2,https://official.nba.com/archive/challenge-of-called-foul-spurs-thunder-7/
05/28/26,OKC,SAS,Foul,SAS,Lost,4,10:55.0,https://official.nba.com/archive/challenge-of-called-foul-thunder-spurs-11/
05/28/26,OKC,SAS,Foul,SAS,Won,3,06:49.0,https://official.nba.com/archive/challenge-of-called-foul-thunder-spurs-10/
05/28/26,OKC,SAS,Possession,OKC,Won,3,07:39.0,https://official.nba.com/archive/challenge-oob-thunder-spurs-5/
05/26/26,SAS,OKC,Foul,SAS,Won,2,02:04.0,https://official.nba.com/archive/challenge-of-called-foul-spurs-thunder-6/
05/24/26,OKC,SAS,Possession,SAS,Lost,4,06:00.0,https://official.nba.com/archive/challenge-oob-thunder-spurs-4/
05/24/26,OKC,SAS,Possession,OKC,Lost,2,07:32.0,https://official.nba.com/archive/challenge-oob-thunder-spurs-3/
05/23/26,NYK,CLE,Goaltending,NYK,Lost,1,04:51.0,https://official.nba.com/archive/challenge-goaltending-bi-knicks-cavaliers/
05/22/26,OKC,SAS,Possession,OKC,Won,1,00:21.5,https://official.nba.com/archive/challenge-oob-thunder-spurs-2/
05/21/26,CLE,NYK,Foul,CLE,Won,2,09:21.0,https://official.nba.com/archive/challenge-of-called-foul-cavaliers-knicks-8/
05/20/26,SAS,OKC,Foul,OKC,Lost,3,04:50.0,https://official.nba.com/archive/challenge-of-called-foul-spurs-thunder-5/
05/20/26,SAS,OKC,Foul,SAS,Won,2,01:34.0,https://official.nba.com/archive/challenge-of-called-foul-spurs-thunder-4/
05/20/26,SAS,OKC,Foul,SAS,Won,1,08:59.0,https://official.nba.com/archive/challenge-of-called-foul-spurs-thunder-3/
05/19/26,CLE,NYK,Foul,CLE,Won,3,10:27.0,https://official.nba.com/archive/challenge-of-called-foul-cavaliers-knicks-7/
05/18/26,SAS,OKC,Possession,SAS,Won,5,03:13.0,https://official.nba.com/archive/challenge-oob-spurs-thunder/
05/17/26,CLE,DET,Possession,CLE,Won,4,07:06.0,https://official.nba.com/archive/challenge-oob-cavaliers-pistons-4/
05/13/26,CLE,DET,Possession,CLE,Lost,5,03:14.0,https://official.nba.com/archive/challenge-oob-cavaliers-pistons-3/
05/13/26,CLE,DET,Foul,DET,Lost,3,04:07.0,https://official.nba.com/archive/challenge-of-called-foul-cavaliers-pistons-8/
05/11/26,OKC,LAL,Possession,OKC,Won,4,06:35.0,https://official.nba.com/archive/challenge-oob-thunder-lakers-3/
05/11/26,OKC,LAL,Possession,LAL,Won,3,04:04.0,https://official.nba.com/archive/challenge-oob-thunder-lakers-2/
05/10/26,SAS,MIN,Possession,MIN,Lost,4,05:32.0,https://official.nba.com/archive/challenge-oob-spurs-timberwolves-4/
05/10/26,SAS,MIN,Possession,SAS,Won,2,00:06.8,https://official.nba.com/archive/challenge-oob-spurs-timberwolves-3/
05/10/26,SAS,MIN,Foul,MIN,Won,2,08:37.0,https://official.nba.com/archive/challenge-of-called-foul-spurs-timberwolves-5/
05/10/26,NYK,PHI,Foul,PHI,Lost,3,01:09.0,https://official.nba.com/archive/challenge-of-called-foul-knicks-76ers-14/
05/09/26,OKC,LAL,Foul,OKC,Won,4,10:01.0,https://official.nba.com/archive/challenge-of-called-foul-thunder-lakers-6/
05/09/26,DET,CLE,Possession,CLE,Won,2,00:39.3,https://official.nba.com/archive/challenge-oob-pistons-cavaliers-2/
05/09/26,DET,CLE,Foul,DET,Lost,2,05:58.0,https://official.nba.com/archive/challenge-of-called-foul-pistons-cavaliers-6/
05/08/26,SAS,MIN,Possession,MIN,Won,4,02:26.0,https://official.nba.com/archive/challenge-oob-spurs-timberwolves-2/
05/08/26,SAS,MIN,Foul,SAS,Lost,2,02:39.0,https://official.nba.com/archive/challenge-of-called-foul-spurs-timberwolves-4/
05/08/26,SAS,MIN,Foul,MIN,Won,2,03:43.0,https://official.nba.com/archive/challenge-of-called-foul-spurs-timberwolves-3/
05/08/26,NYK,PHI,Foul,NYK,Won,3,04:16.0,https://official.nba.com/archive/challenge-of-called-foul-knicks-76ers-13/
05/08/26,NYK,PHI,Foul,PHI,Won,2,08:20.0,https://official.nba.com/archive/challenge-of-called-foul-knicks-76ers-12/
05/07/26,LAL,OKC,Foul,OKC,Lost,3,10:34.0,https://official.nba.com/archive/challenge-of-called-foul-lakers-thunder-10/
05/07/26,LAL,OKC,Foul,LAL,Won,1,04:09.0,https://official.nba.com/archive/challenge-of-called-foul-lakers-thunder-9/
05/06/26,MIN,SAS,Foul,SAS,Won,3,09:48.0,https://official.nba.com/archive/challenge-of-called-foul-timberwolves-spurs-6/
05/05/26,LAL,OKC,Foul,OKC,Won,3,03:24.0,https://official.nba.com/archive/challenge-of-called-foul-lakers-thunder-8/
05/05/26,CLE,DET,Foul,DET,Won,2,08:44.0,https://official.nba.com/archive/challenge-of-called-foul-cavaliers-pistons-7/
05/04/26,PHI,NYK,Possession,PHI,Won,3,04:13.0,https://official.nba.com/archive/challenge-oob-76ers-knicks-8/
05/04/26,MIN,SAS,Foul,SAS,Lost,1,06:53.0,https://official.nba.com/archive/challenge-of-called-foul-timberwolves-spurs-5/
05/04/26,PHI,NYK,Possession,NYK,Won,2,03:46.0,https://official.nba.com/archive/challenge-oob-76ers-knicks-7/
05/03/26,TOR,CLE,Foul,TOR,Lost,3,06:02.0,https://official.nba.com/archive/challenge-of-called-foul-raptors-cavaliers-3/
05/03/26,ORL,DET,Foul,DET,Lost,2,06:16.0,https://official.nba.com/archive/challenge-of-called-foul-magic-pistons-8/
05/02/26,PHI,BOS,Goaltending,BOS,Lost,4,04:09.0,https://official.nba.com/archive/55462-challenge-goaltending-bi-76ers-at-celtics/
05/02/26,PHI,BOS,Foul,BOS,Lost,4,05:20.0,https://official.nba.com/archive/challenge-of-called-foul-76ers-celtics-6/
05/02/26,PHI,BOS,Possession,PHI,Won,1,06:46.0,https://official.nba.com/archive/challenge-oob-76ers-celtics-5/
05/01/26,LAL,HOU,Foul,HOU,Lost,3,00:24.9,https://official.nba.com/archive/challenge-of-called-foul-lakers-rockets-11/
05/01/26,LAL,HOU,Foul,HOU,Won,2,05:48.0,https://official.nba.com/archive/challenge-of-called-foul-lakers-rockets-10/
05/01/26,CLE,TOR,Foul,TOR,Won,5,02:18.0,https://official.nba.com/archive/challenge-of-called-foul-cavaliers-raptors-3/
05/01/26,CLE,TOR,Foul,CLE,Lost,2,09:44.0,https://official.nba.com/archive/challenge-of-called-foul-cavaliers-raptors-2/
04/30/26,DEN,MIN,Possession,MIN,Won,4,00:43.6,https://official.nba.com/archive/challenge-oob-nuggets-timberwolves/
04/29/26,HOU,LAL,Foul,HOU,Lost,4,01:00.0,https://official.nba.com/archive/challenge-of-called-foul-rockets-lakers-16/
04/29/26,HOU,LAL,Foul,HOU,Won,4,01:42.0,https://official.nba.com/archive/challenge-of-called-foul-rockets-lakers-15/
04/29/26,TOR,CLE,Possession,TOR,Lost,2,07:05.0,https://official.nba.com/archive/challenge-oob-raptors-cavaliers-3/
04/29/26,ORL,DET,Foul,DET,Lost,2,09:05.0,https://official.nba.com/archive/challenge-of-called-foul-magic-pistons-7/
04/28/26,POR,SAS,Possession,POR,Lost,4,01:55.0,https://official.nba.com/archive/challenge-oob-trail-blazers-spurs-2/
04/28/26,POR,SAS,Possession,POR,Won,3,05:31.0,https://official.nba.com/archive/challenge-oob-trail-blazers-spurs/
04/28/26,ATL,NYK,Foul,ATL,Won,4,09:23.0,https://official.nba.com/archive/challenge-of-called-foul-hawks-knicks-12/
04/27/26,OKC,PHX,Foul,OKC,Won,4,09:46.0,https://official.nba.com/archive/challenge-of-called-foul-thunder-suns-9/
04/27/26,OKC,PHX,Foul,OKC,Won,3,00:49.7,https://official.nba.com/archive/challenge-of-called-foul-thunder-suns-10/
04/27/26,OKC,PHX,Possession,PHX,Lost,3,05:33.0,https://official.nba.com/archive/challenge-oob-thunder-suns-4/
04/27/26,MIN,DEN,Foul,MIN,Lost,1,09:44.0,https://official.nba.com/archive/challenge-of-called-foul-timberwolves-nuggets-8/
04/27/26,OKC,PHX,Foul,PHX,Won,2,07:38.0,https://official.nba.com/archive/challenge-of-called-foul-thunder-suns-11/
04/27/26,DET,ORL,Foul,DET,Won,2,03:36.0,https://official.nba.com/archive/challenge-of-called-foul-pistons-magic-9/
04/27/26,DET,ORL,Foul,DET,Won,1,04:57.0,https://official.nba.com/archive/challenge-of-called-foul-pistons-magic-8/
04/26/26,LAL,HOU,Possession,LAL,Won,4,08:23.0,https://official.nba.com/archive/challenge-oob-lakers-rockets/
04/26/26,LAL,HOU,Foul,HOU,Won,4,08:52.0,https://official.nba.com/archive/challenge-of-called-foul-lakers-rockets-9/
04/26/26,BOS,PHI,Possession,BOS,Won,3,07:39.0,https://official.nba.com/archive/challenge-oob-celtics-76ers-4/
04/26/26,BOS,PHI,Possession,PHI,Lost,2,03:10.0,https://official.nba.com/archive/challenge-oob-celtics-76ers-3/
04/26/26,SAS,POR,Foul,POR,Lost,3,05:17.0,https://official.nba.com/archive/challenge-of-called-foul-spurs-trail-blazers-6/
04/26/26,CLE,TOR,Possession,CLE,Won,4,04:07.0,https://official.nba.com/archive/challenge-oob-cavaliers-raptors-4/
04/26/26,CLE,TOR,Possession,CLE,Won,1,04:12.0,https://official.nba.com/archive/challenge-oob-cavaliers-raptors-3/
04/25/26,DEN,MIN,Foul,MIN,Lost,2,04:51.0,https://official.nba.com/archive/challenge-of-called-foul-nuggets-timberwolves-11/
04/25/26,NYK,ATL,Possession,NYK,Won,4,07:50.0,https://official.nba.com/archive/challenge-oob-knicks-hawks-3/
04/25/26,NYK,ATL,Possession,NYK,Won,2,05:58.0,https://official.nba.com/archive/challenge-oob-knicks-hawks-4/
04/25/26,OKC,PHX,Foul,PHX,Won,3,11:15.0,https://official.nba.com/archive/challenge-of-called-foul-thunder-suns-7/
04/25/26,OKC,PHX,Foul,OKC,Won,2,02:58.0,https://official.nba.com/archive/challenge-of-called-foul-thunder-suns-8/
04/25/26,OKC,PHX,Possession,PHX,Won,1,05:36.0,https://official.nba.com/archive/challenge-oob-thunder-suns-2/
04/25/26,DET,ORL,Foul,ORL,Won,4,00:34.3,https://official.nba.com/archive/challenge-of-called-foul-pistons-magic-5/
04/25/26,DET,ORL,Foul,DET,Won,4,05:38.0,https://official.nba.com/archive/challenge-of-called-foul-pistons-magic-6/
04/25/26,DET,ORL,Foul,ORL,Won,2,04:26.0,https://official.nba.com/archive/challenge-of-called-foul-pistons-magic-7/
04/24/26,SAS,POR,Foul,POR,Lost,4,05:01.0,https://official.nba.com/archive/challenge-of-called-foul-spurs-trail-blazers-5/
04/24/26,SAS,POR,Possession,POR,Won,4,10:14.0,https://official.nba.com/archive/challenge-oob-spurs-trail-blazers-3/
04/24/26,SAS,POR,Foul,SAS,Won,2,00:22.1,https://official.nba.com/archive/challenge-of-called-foul-spurs-trail-blazers-4/
04/24/26,SAS,POR,Possession,SAS,Won,2,05:35.0,https://official.nba.com/archive/challenge-oob-spurs-trail-blazers-2/
04/24/26,BOS,PHI,Foul,BOS,Lost,4,01:00.0,https://official.nba.com/archive/challenge-of-called-foul-celtics-76ers-5/
04/24/26,BOS,PHI,Possession,PHI,Won,1,07:19.0,https://official.nba.com/archive/challenge-oob-celtics-76ers-2/
04/23/26,DEN,MIN,Foul,DEN,Won,3,07:54.0,https://official.nba.com/archive/challenge-of-called-foul-nuggets-timberwolves-10/
04/23/26,DEN,MIN,Foul,MIN,Lost,1,08:00.0,https://official.nba.com/archive/challenge-of-called-foul-nuggets-timberwolves-9/
04/23/26,NYK,ATL,Foul,NYK,Lost,4,03:08.0,https://official.nba.com/archive/challenge-of-called-foul-knicks-hawks-7/
04/23/26,NYK,ATL,Foul,ATL,Won,4,11:20.0,https://official.nba.com/archive/challenge-of-called-foul-knicks-hawks-6/
04/23/26,CLE,TOR,Foul,CLE,Won,2,03:14.0,https://official.nba.com/archive/challenge-of-called-foul-cavaliers-raptors/
04/23/26,NYK,ATL,Foul,ATL,Won,3,01:12.0,https://official.nba.com/archive/challenge-of-called-foul-knicks-hawks-5/
04/22/26,PHX,OKC,Foul,PHX,Lost,2,02:31.0,https://official.nba.com/archive/challenge-of-called-foul-suns-thunder-12/
04/22/26,ORL,DET,Possession,ORL,Won,4,04:46.0,https://official.nba.com/archive/challenge-oob-magic-pistons-6/
04/22/26,ORL,DET,Foul,DET,Won,4,07:32.0,https://official.nba.com/archive/challenge-of-called-foul-magic-pistons-6/
04/21/26,HOU,LAL,Foul,HOU,Lost,4,03:00.0,https://official.nba.com/archive/challenge-of-called-foul-rockets-lakers-14/
04/21/26,HOU,LAL,Foul,LAL,Lost,4,11:34.0,https://official.nba.com/archive/challenge-of-called-foul-rockets-lakers-13/
04/21/26,POR,SAS,Foul,SAS,Won,3,03:32.0,https://official.nba.com/archive/challenge-of-called-foul-trail-blazers-spurs-6/
04/21/26,PHI,BOS,Possession,PHI,Won,3,02:12.0,https://official.nba.com/archive/challenge-oob-76ers-celtics-4/
04/20/26,MIN,DEN,Foul,MIN,Lost,4,03:36.0,https://official.nba.com/archive/challenge-of-called-foul-timberwolves-nuggets-17/
04/20/26,MIN,DEN,Possession,DEN,Won,4,08:52.0,https://official.nba.com/archive/challenge-oob-timberwolves-nuggets-6/
04/20/26,MIN,DEN,Foul,DEN,Won,2,06:39.0,https://official.nba.com/archive/55352-challenge-of-called-foul-timberwolves-at-nuggets/
04/20/26,ATL,NYK,Foul,ATL,Lost,2,02:58.0,https://official.nba.com/archive/challenge-of-called-foul-hawks-knicks-11/
04/19/26,POR,SAS,Foul,POR,Won,4,03:25.0,https://official.nba.com/archive/challenge-of-called-foul-trail-blazers-spurs-5/
04/19/26,POR,SAS,Foul,SAS,Lost,2,01:08.0,https://official.nba.com/archive/challenge-of-called-foul-trail-blazers-spurs-4/
04/19/26,ORL,DET,Possession,DET,Won,4,01:34.0,https://official.nba.com/archive/challenge-oob-magic-pistons-5/
04/19/26,ORL,DET,Foul,ORL,Won,3,02:52.0,https://official.nba.com/archive/challenge-of-called-foul-magic-pistons-5/
04/19/26,PHX,OKC,Foul,OKC,Lost,4,10:47.0,https://official.nba.com/archive/challenge-of-called-foul-suns-thunder-11/
04/19/26,PHX,OKC,Possession,PHX,Won,3,07:54.0,https://official.nba.com/archive/challenge-oob-suns-thunder-5/
04/19/26,PHX,OKC,Possession,PHX,Won,2,06:54.0,https://official.nba.com/archive/challenge-oob-suns-thunder-4/
04/19/26,PHI,BOS,Possession,BOS,Lost,3,10:10.0,https://official.nba.com/archive/55329-challenge-oob-76ers-at-celtics/
04/18/26,HOU,LAL,Foul,LAL,Won,4,03:22.0,https://official.nba.com/archive/challenge-of-called-foul-rockets-lakers-12/
04/18/26,HOU,LAL,Foul,LAL,Won,2,04:35.0,https://official.nba.com/archive/challenge-of-called-foul-rockets-lakers-11/
04/18/26,ATL,NYK,Foul,ATL,Won,3,09:57.0,https://official.nba.com/archive/challenge-of-called-foul-hawks-knicks-10/
04/18/26,MIN,DEN,Foul,DEN,Lost,1,01:32.0,https://official.nba.com/archive/55318-challenge-of-called-foul-timberwolves-at-nuggets/
04/18/26,MIN,DEN,Possession,MIN,Won,1,08:21.0,https://official.nba.com/archive/55317-challenge-oob-timberwolves-at-nuggets/
04/18/26,TOR,CLE,Foul,TOR,Won,4,02:58.0,https://official.nba.com/archive/challenge-of-called-foul-raptors-cavaliers-4/
04/18/26,TOR,CLE,Possession,TOR,Won,4,06:24.0,https://official.nba.com/archive/challenge-oob-raptors-cavaliers-2/
04/18/26,TOR,CLE,Foul,CLE,Lost,2,11:24.0,https://official.nba.com/archive/55312-challenge-of-called-foul-raptors-at-cavaliers/
04/17/26,GSW,PHX,Foul,GSW,Won,4,01:59.0,https://official.nba.com/archive/55309-challenge-of-called-foul-warriors-at-suns/
04/17/26,GSW,PHX,Possession,GSW,Won,4,02:02.0,https://official.nba.com/archive/challenge-oob-warriors-suns-4/
04/17/26,GSW,PHX,Foul,PHX,Lost,2,03:29.0,https://official.nba.com/archive/challenge-of-called-foul-warriors-suns-8/
04/17/26,CHA,ORL,Possession,CHA,Won,3,08:37.0,https://official.nba.com/archive/challenge-oob-hornets-magic-3/
04/17/26,CHA,ORL,Foul,ORL,Lost,2,09:46.0,https://official.nba.com/archive/challenge-of-called-foul-hornets-magic-5/
04/14/26,POR,PHX,Foul,PHX,Lost,3,09:48.0,https://official.nba.com/archive/challenge-of-called-foul-trail-blazers-suns-7/
04/14/26,POR,PHX,Foul,PHX,Won,1,03:25.0,https://official.nba.com/archive/challenge-of-called-foul-trail-blazers-suns-6/
04/14/26,MIA,CHA,Foul,CHA,Lost,4,10:01.0,https://official.nba.com/archive/challenge-of-called-foul-heat-hornets-2/
04/14/26,MIA,CHA,Foul,MIA,Won,3,08:25.0,https://official.nba.com/archive/challenge-of-called-foul-heat-hornets-4/
